,Team,Median_MP,Mean_MP,Std_MP,Median_Starts,Mean_Starts,Std_Starts,Median_Min,Mean_Min,Std_Min,Median_Goals,Mean_Goals,Std_Goals,Median_Assists,Mean_Assists,Std_Assists,Median_Yellow_Card,Mean_Yellow_Card,Std_Yellow_Card,Median_Red_Card,Mean_Red_Card,Std_Red_Card,Median_stand_xG,Mean_stand_xG,Std_stand_xG,Median_xAG,Mean_xAG,Std_xAG,Median_PrgC,Mean_PrgC,Std_PrgC,Median_PrgP,Mean_PrgP,Std_PrgP,Median_PrgR,Mean_PrgR,Std_PrgR,Median_Gls,Mean_Gls,Std_Gls,Median_Ast,Mean_Ast,Std_Ast,Median_xG,Mean_xG,Std_xG,Median_xGA,Mean_xGA,Std_xGA,Median_GA90,Mean_GA90,Std_GA90,Median_Save%,Mean_Save%,Std_Save%,Median_CS%,Mean_CS%,Std_CS%,Median_PKsv%,Mean_PKsv%,Std_PKsv%,Median_SoT%,Mean_SoT%,Std_SoT%,Median_SoT/90,Mean_SoT/90,Std_SoT/90,Median_G/Sh,Mean_G/Sh,Std_G/Sh,Median_Dist,Mean_Dist,Std_Dist,Median_Cmp,Mean_Cmp,Std_Cmp,Median_Cmp%,Mean_Cmp%,Std_Cmp%,Median_TotDist,Mean_TotDist,Std_TotDist,Median_Short_Cmp%,Mean_Short_Cmp%,Std_Short_Cmp%,Median_Medium_Cmp%,Mean_Medium_Cmp%,Std_Medium_Cmp%,Median_KP,Mean_KP,Std_KP,Median_1/3,Mean_1/3,Std_1/3,Median_PPA,Mean_PPA,Std_PPA,Median_CrsPA,Mean_CrsPA,Std_CrsPA,Median_PrgP_passing,Mean_PrgP_passing,Std_PrgP_passing,Median_SCA,Mean_SCA,Std_SCA,Median_SCA90,Mean_SCA90,Std_SCA90,Median_GCA,Mean_GCA,Std_GCA,Median_GCA90,Mean_GCA90,Std_GCA90,Median_Tkl,Mean_Tkl,Std_Tkl,Median_TklW,Mean_TklW,Std_TklW,Median_Att,Mean_Att,Std_Att,Median_Lost,Mean_Lost,Std_Lost,Median_Blocks,Mean_Blocks,Std_Blocks,Median_Sh,Mean_Sh,Std_Sh,Median_Pass,Mean_Pass,Std_Pass,Median_Int,Mean_Int,Std_Int,Median_Touches,Mean_Touches,Std_Touches,Median_Def_Pen,Mean_Def_Pen,Std_Def_Pen,Median_Def_3rd,Mean_Def_3rd,Std_Def_3rd,Median_Mid_3rd,Mean_Mid_3rd,Std_Mid_3rd,Median_Att_3rd,Mean_Att_3rd,Std_Att_3rd,Median_Att_Pen,Mean_Att_Pen,Std_Att_Pen,Median_Att_take_ons,Mean_Att_take_ons,Std_Att_take_ons,Median_Succ%,Mean_Succ%,Std_Succ%,Median_Tkld%,Mean_Tkld%,Std_Tkld%,Median_Carries,Mean_Carries,Std_Carries,Median_ProDist,Mean_ProDist,Std_ProDist,Median_ProgC,Mean_ProgC,Std_ProgC,Median_1/3_carries,Mean_1/3_carries,Std_1/3_carries,Median_CPA,Mean_CPA,Std_CPA,Median_Mis,Mean_Mis,Std_Mis,Median_Dis,Mean_Dis,Std_Dis,Median_Rec,Mean_Rec,Std_Rec,Median_PrgR_possession,Mean_PrgR_possession,Std_PrgR_possession,Median_Fls,Mean_Fls,Std_Fls,Median_Fld,Mean_Fld,Std_Fld,Median_Off,Mean_Off,Std_Off,Median_Crs,Mean_Crs,Std_Crs,Median_Recov,Mean_Recov,Std_Recov,Median_Won,Mean_Won,Std_Won,Median_Won%,Mean_Won%,Std_Won%
0,all,22.0,20.732919254658384,9.551840059078332,14.0,15.221532091097309,10.597433344845786,1346.0,1364.9254658385094,895.9222088951916,1.0,1.9875776397515528,3.4682691660198044,1.0,1.4761904761904763,2.2045201538819654,2.0,2.908902691511387,2.5766231714571375,0.0,0.08902691511387163,0.3061331668924229,0.9,2.0159420289855072,3.056564680827918,0.8,1.486335403726708,1.8403442159903234,14.0,25.91511387163561,30.200626510660072,38.0,51.25258799171843,49.20617105871334,24.0,50.64182194616977,63.15181331762636,0.03,0.12180124223602484,0.18779642084741913,0.04,0.0898343685300207,0.12561373604655443,0.07,0.13399585921325052,0.16201908083751254,0.07,0.09737060041407868,0.10164375857224435,1.47,1.636923076923077,0.6550739365508127,68.5,67.26923076923076,8.303301621268806,19.0,24.02564102564103,22.70769308485931,0.0,18.534615384615385,29.76240504136307,30.6,29.884848484848487,19.924694178820232,0.23,0.4040372670807453,0.4745258112012982,0.06,0.07958041958041959,0.1008575899349528,16.3,16.751981351981353,5.140259551942264,567.0,674.7329192546584,526.816109047786,80.2,79.30434782608695,8.251860203907002,7325.0,9445.51966873706,8188.691797718047,89.8,88.74575569358178,6.777234714227169,85.7,84.05797101449275,10.13563787883014,8.0,13.527950310559007,15.084022809923948,28.0,43.002070393374744,44.301705097464954,6.0,11.56935817805383,14.165326911747236,1.0,2.743271221532091,4.248056824865001,38.0,51.2463768115942,49.212336972442735,21.0,31.71014492753623,31.683320883047006,1.83,2.100103519668737,1.4444267587733948,2.0,3.474120082815735,4.159283597404905,0.16,0.2174120082815735,0.22644402920308163,17.0,24.472049689440993,22.235180745892425,10.0,14.610766045548655,13.654967635011133,17.0,22.273291925465838,19.95825131549052,13.0,17.94824016563147,18.19087968579394,12.0,15.091097308488612,13.48058321798988,2.0,5.113871635610766,7.242213884600025,8.0,9.977225672877847,9.171798454662504,7.0,11.091097308488612,11.605191973579043,734.0,830.0351966873706,611.7353528382597,31.0,93.85093167701864,173.15520385047478,156.0,274.75983436853,302.92774750606975,272.0,352.6024844720497,310.62003204746355,140.0,210.86335403726707,206.91386235429044,20.0,34.32919254658385,40.46423189731411,13.0,25.134575569358176,30.7629894498584,45.0,46.986004514672686,22.517014844987585,43.8,41.96139954853273,21.570283413613733,401.0,465.43892339544516,353.2605063827442,1038.0,1292.5672877846791,1076.9852849843953,14.0,25.910973084886127,30.204049213394654,12.0,17.41407867494824,18.086880246862275,2.0,8.057971014492754,14.03717477068397,12.0,18.786749482401657,19.011081895775924,8.0,13.105590062111801,14.611966825020605,482.0,543.5527950310559,414.0808984536274,24.0,50.631469979296064,63.15939136129546,12.0,15.296066252587991,13.600148165982617,10.0,14.834368530020704,14.463772850374253,1.0,2.3561076604554865,3.8956166137934045,9.0,24.300207039337476,35.419931034374805,45.0,57.631469979296064,45.78119532908669,10.0,18.0,20.94143186281039,50.0,49.01911764705882,21.619156029557228
1,West Ham,23.0,21.956521739130434,7.772201401437427,14.0,15.826086956521738,10.464885761062796,1347.0,1417.4347826086957,877.6885876647799,0.0,1.565217391304348,2.537466290981146,1.0,0.9565217391304348,1.521908516829063,2.0,3.0434782608695654,2.6194770621349948,0.0,0.13043478260869565,0.34435022157509093,1.4,1.839130434782609,2.251209600199773,1.1,1.2739130434782608,1.4216563295563343,15.0,23.608695652173914,29.742438504960283,31.0,46.04347826086956,41.55224341484252,25.0,47.21739130434783,57.70848095993828,0.0,0.09391304347826088,0.1345949860755587,0.03,0.07739130434782608,0.14454371441018826,0.07,0.13478260869565217,0.16169189458567043,0.07,0.09956521739130435,0.10372508510785812,1.7,1.7,0.028284271247461926,68.85,68.85,8.131727983645291,17.45,17.45,1.0606601717798212,0.0,0.0,,28.0,24.376190476190477,14.72949098787547,0.23,0.3878260869565217,0.42653952733532985,0.04,0.052380952380952375,0.06587144767687757,15.7,17.6047619047619,5.840759898375913,623.0,673.0869565217391,475.2389746264006,79.9,78.23478260869565,7.8939913107520745,8466.0,9549.695652173914,7280.7015797978665,89.9,88.59565217391305,7.112887040810922,85.7,83.41739130434782,10.764827076004732,9.0,12.347826086956522,12.474004590099927,37.0,39.26086956521739,33.140496226196994,5.0,10.434782608695652,12.50754712874853,1.0,2.739130434782609,3.557545007756534,31.0,46.04347826086956,41.55224341484252,18.0,30.869565217391305,30.584167543809755,1.83,2.1813043478260865,1.5381964183237045,2.0,2.347826086956522,3.1566480445989473,0.1,0.14173913043478265,0.1724858933339463,17.0,23.82608695652174,20.204977275893373,11.0,14.043478260869565,11.891472348893803,22.0,20.0,14.752503639598386,18.0,21.043478260869566,18.78461232176622,19.0,17.434782608695652,13.303540495797355,4.0,6.6521739130434785,8.48318494891337,11.0,10.782608695652174,7.804174417574286,8.0,12.73913043478261,14.897276722775228,738.0,844.9130434782609,582.7520065909432,42.0,113.8695652173913,178.4642323084341,196.0,316.17391304347825,311.518517204459,366.0,354.95652173913044,283.1837627376628,116.0,182.17391304347825,184.02461598530115,24.0,32.130434782608695,39.038796958720305,14.0,30.043478260869566,45.24225524970049,47.6,51.85909090909092,23.555964952607756,42.1,36.28181818181818,23.71577004690653,338.0,429.5217391304348,309.082199947054,762.0,1110.3478260869565,914.8724008742546,15.0,23.608695652173914,29.742438504960283,10.0,14.826086956521738,16.606822732383883,2.0,6.826086956521739,13.452448827133306,12.0,18.608695652173914,19.49298039256645,6.0,15.130434782608695,22.766211701926103,480.0,538.2608695652174,382.9798496231771,25.0,47.21739130434783,57.70848095993828,15.0,16.47826086956522,13.783618621120148,12.0,15.652173913043478,17.09494528070206,1.0,2.9130434782608696,4.209437918408206,11.0,21.91304347826087,27.217830124384307,46.0,58.130434782608695,47.5502646468365,11.0,22.304347826086957,27.034380102193605,50.0,51.65217391304348,16.86192239566623
2,Southampton,20.0,18.137931034482758,10.056000830815378,13.0,12.862068965517242,9.512113096809902,1122.0,1151.344827586207,828.5949930826135,0.0,0.8275862068965517,1.0713464664764276,0.0,0.5172413793103449,0.8289705171033532,2.0,2.7586206896551726,2.8617573573616952,0.0,0.10344827586206896,0.40925259281898757,0.5,1.0482758620689654,1.369468272634928,0.5,0.7862068965517242,0.8947162909991693,10.0,20.17241379310345,26.229848000100464,23.0,35.55172413793103,38.55847711769058,20.0,34.51724137931034,37.54580125817302,0.0,0.05379310344827587,0.07997382576744577,0.0,0.043448275862068966,0.09729468720148837,0.04,0.07689655172413792,0.08908677344011535,0.03,0.05379310344827586,0.058518238494107144,2.33,2.4133333333333336,0.1619670748434179,67.5,67.60000000000001,2.651414716712569,0.0,2.566666666666667,4.445597072760118,14.3,14.3,20.22325394193526,30.0,25.948,22.486887290152005,0.15,0.2179310344827586,0.2848104546428934,0.05,0.07120000000000001,0.09688137075826292,18.3,17.343999999999998,6.026060072717497,313.0,579.0689655172414,527.0306260438546,80.2,80.9241379310345,7.986714646050554,3918.0,8224.379310344828,8263.246345862732,90.9,89.66206896551722,6.861195949119713,89.5,85.4793103448276,10.926487453835186,5.0,8.586206896551724,8.942344057425844,13.0,31.482758620689655,38.75437366069168,5.0,6.758620689655173,7.557660127379719,1.0,1.793103448275862,2.554817722668119,23.0,35.55172413793103,38.55847711769058,15.0,19.586206896551722,19.387988257422446,1.43,1.4179310344827587,0.8432732962787026,1.0,1.3793103448275863,1.8787114334687767,0.06,0.1089655172413793,0.14125318776646137,13.0,20.0,18.890662848538238,7.0,11.517241379310345,10.81209867844871,13.0,17.79310344827586,13.901128706344132,8.0,12.344827586206897,13.320971280731333,7.0,12.96551724137931,14.536856504909684,2.0,5.689655172413793,8.872523591225177,5.0,7.275862068965517,7.850825942555062,5.0,9.379310344827585,12.039855816363321,457.0,706.7931034482758,615.9024957218904,42.0,91.75862068965517,165.92503797378194,161.0,258.8965517241379,312.2471942945646,186.0,303.7586206896552,297.635401980872,122.0,150.31034482758622,145.8593019337167,15.0,21.24137931034483,20.11334875224801,5.0,22.24137931034483,31.480895762820296,43.95,48.16923076923077,27.8560552732187,45.3,42.49615384615385,28.102035239736363,253.0,394.1034482758621,349.3417631599244,599.0,1069.7931034482758,1083.968646729967,10.0,20.17241379310345,26.229848000100464,9.0,14.89655172413793,18.166580045288434,1.0,5.068965517241379,7.5020522643700565,9.0,14.551724137931034,14.710506951778553,5.0,10.931034482758621,13.585525476147554,338.0,480.17241379310343,421.4591209600216,20.0,34.51724137931034,37.54580125817302,12.0,14.344827586206897,12.989764822651072,8.0,13.275862068965518,15.156084472967422,0.0,1.4827586206896552,2.599734734478726,6.0,17.103448275862068,25.955105233551436,23.0,45.0,42.98006182273025,8.0,14.206896551724139,20.489334002884853,54.5,54.334482758620695,22.883420009475188
3,Everton,23.5,21.727272727272727,9.166096007424098,14.5,16.954545454545453,10.558126063560048,1281.0,1520.2727272727273,893.0565055347405,1.0,1.4090909090909092,1.9678146183760226,1.0,0.9090909090909091,1.1087999050492516,3.0,3.227272727272727,2.2239351262767193,0.0,0.09090909090909091,0.29424494316824984,1.1,1.6727272727272728,1.9523323824599468,1.05,1.2818181818181822,1.113824968568249,12.0,19.681818181818183,19.941309990967095,36.0,41.31818181818182,34.32392801868741,23.5,40.5,39.89599574130813,0.04,0.09045454545454545,0.12120338171956975,0.03,0.05818181818181818,0.07920055096227094,0.05,0.11318181818181819,0.1233804168931491,0.06,0.08272727272727273,0.07317180163227194,1.21,1.21,,71.5,71.5,,29.4,29.4,,100.0,100.0,,35.7,32.6,23.209480821422957,0.25,0.3704545454545455,0.3850352769580529,0.05,0.07952380952380952,0.10428212648753335,17.3,17.271428571428572,5.305293852101206,563.0,598.5,421.3500693632089,73.65,74.26818181818182,7.865196777342594,7161.5,8580.318181818182,7618.257333452402,86.2,85.37272727272726,7.591924394863006,82.69999999999999,79.82727272727273,12.291467494167373,9.0,12.090909090909092,9.942257532798315,34.5,40.13636363636363,34.02141546080512,8.0,10.545454545454545,10.154648350232671,1.5,3.6363636363636362,5.332250972422475,36.0,41.31818181818182,34.32392801868741,24.5,28.681818181818183,19.443168377010895,1.79,1.8827272727272728,1.109796986231874,2.0,2.3636363636363638,2.059714602177749,0.1,0.15636363636363637,0.15465924000679857,23.5,30.045454545454547,28.10605302155065,13.5,17.59090909090909,16.99764434914184,22.0,26.636363636363637,22.044425825063126,14.5,22.636363636363637,22.77957617931227,12.5,15.954545454545455,14.200862726063589,3.0,5.7727272727272725,9.314258491979448,7.5,10.181818181818182,8.409950815984164,9.5,13.545454545454545,12.715671892916696,689.5,780.2727272727273,501.7203909044864,31.0,99.5,214.042663748987,165.5,282.90909090909093,352.73852572758125,292.0,313.72727272727275,227.4833707827541,171.0,192.04545454545453,140.17726100250533,18.5,29.136363636363637,25.31947388031113,18.0,26.454545454545453,29.464631376694708,47.2,48.042857142857144,19.675989719162068,45.0,44.49523809523809,20.294272004446874,325.5,377.3181818181818,239.8136948239367,714.0,1011.5909090909091,793.9854058327046,12.0,19.681818181818183,19.941309990967095,11.5,14.545454545454545,11.185565838029076,2.0,5.0,6.9350730418098765,12.5,20.90909090909091,19.464030539651464,11.0,15.909090909090908,13.70751997613368,404.0,448.77272727272725,269.4357299136708,23.5,40.5,39.89599574130813,15.0,17.772727272727273,13.630958524734432,13.0,15.0,12.409673645990857,1.0,3.5,6.307591797644667,7.5,27.363636363636363,35.58296202042751,55.0,61.95454545454545,46.654226851560644,10.0,24.727272727272727,28.79514148533001,50.6,48.35,18.378319266124937
4,Manchester City,22.0,19.24,8.762039336440653,16.0,14.92,8.405950273467004,1404.0,1341.76,744.1720388010647,1.0,2.6,4.406434688800762,0.0,1.88,2.5053276565484737,2.0,2.32,1.7492855684535902,0.0,0.04,0.2,1.2,2.4960000000000004,4.170079935285014,1.5,1.9920000000000002,2.2165889710694375,34.0,40.56,43.47995706836274,62.0,68.16,58.15401963751087,25.0,67.48,75.24411383401805,0.06,0.1832,0.25258199988650554,0.0,0.10279999999999999,0.1409940897106447,0.07,0.16399999999999998,0.22134061233010688,0.07,0.11960000000000001,0.12604496552156827,1.31,1.31,0.22627416997969527,68.25,68.25,0.3535533905932738,28.4,28.4,4.8083261120685235,0.0,0.0,0.0,32.45,31.472727272727266,21.20083515466811,0.33,0.46880000000000005,0.5252802426641738,0.10500000000000001,0.13636363636363635,0.21346451594375018,17.9,17.03181818181818,4.809750648287425,787.0,870.24,610.7116941187006,87.7,86.54800000000002,6.864347504800924,10078.0,12456.0,9299.120500527635,94.3,92.152,6.014712517374932,92.1,89.57999999999998,7.788345994711157,9.0,16.92,16.484639314626612,42.0,59.68,61.617584070350134,11.0,15.32,15.523423162004786,1.0,2.28,3.062134331910778,62.0,68.16,58.15401963751087,33.0,39.04,33.140458657055426,2.13,2.4212,1.758131868395163,3.0,4.56,4.426059195266146,0.28,0.2812,0.23896164266816267,15.0,17.68,16.074617673006514,7.0,10.8,10.432321569685882,12.0,16.12,14.950808227874058,8.0,11.72,10.97922280188053,11.0,12.04,9.230745726465802,1.0,3.2,4.699290726623896,9.0,8.84,6.731022705849882,5.0,7.96,8.25873275186131,878.0,1000.36,670.0436478319901,35.0,76.12,134.0862036154354,197.0,234.16,233.00101573455282,331.0,430.92,377.44347479677884,324.0,343.48,270.0856530806477,22.0,47.12,50.59917654138915,21.0,28.64,39.31060077553297,45.5,48.491304347826095,26.659927590494966,35.1,37.21739130434783,23.674816926889616,563.0,643.48,446.0446651775283,1674.0,1994.16,1516.486500654281,34.0,40.56,43.47995706836274,23.0,30.36,26.888473366853685,3.0,14.04,22.040644273704885,10.0,16.72,14.825428605383836,11.0,14.24,13.917255476565773,630.0,757.48,520.4894427363537,25.0,67.48,75.24411383401805,10.0,10.36,7.973288740120562,12.0,13.44,11.165721353022086,0.0,1.68,2.4617067250182343,8.0,22.96,31.07716203259236,46.0,51.72,34.71253375943623,5.0,10.96,13.408579343092242,46.4,45.132,20.98643847821731
5,Leicester City,21.0,19.73076923076923,9.568940139044418,14.5,14.384615384615385,9.810512415065476,1355.0,1292.2307692307693,811.2181116169587,0.0,1.0384615384615385,1.799572598830494,0.0,0.8076923076923077,1.132050556087696,2.0,3.076923076923077,2.57562539082184,0.0,0.0,0.0,0.35,1.126923076923077,2.086635127147569,0.4,0.8692307692307693,1.0653710079664196,13.5,20.26923076923077,22.210912079079854,28.5,37.96153846153846,34.435424515148085,19.5,37.46153846153846,40.25044672470682,0.0,0.05846153846153846,0.09111277880483319,0.0,0.05653846153846154,0.08648432494700102,0.04,0.06538461538461539,0.08631249129671877,0.025,0.065,0.07981227975693966,2.19,2.73,1.1039474625180312,58.6,54.36666666666667,12.786842195527923,0.0,1.2333333333333334,2.1361959960016157,25.0,25.0,,33.45,34.122727272727275,22.782991396427665,0.22,0.2703846153846154,0.264582399554177,0.0,0.05590909090909091,0.07122460054604535,17.35,18.0,5.888406688853389,519.0,606.6923076923077,434.0636606978998,77.6,77.92692307692309,8.3708330621179,6171.0,8102.076923076923,6266.744072789806,88.9,88.65384615384616,6.957196606060851,82.94999999999999,84.15384615384616,9.170266332849042,6.0,8.615384615384615,8.827579161137772,23.0,34.15384615384615,31.382405653731908,5.5,7.653846153846154,8.39972527023263,1.0,2.423076923076923,3.981688856985959,28.5,37.96153846153846,34.435424515148085,14.0,19.923076923076923,18.214111182098513,1.39,1.3349999999999997,0.9839278428828,1.0,1.8076923076923077,2.3497954084427137,0.05,0.11923076923076924,0.14761905234550388,21.5,25.384615384615383,21.98558968611381,12.0,14.884615384615385,13.191897280003124,18.0,24.153846153846153,21.595726072891935,15.0,19.576923076923077,17.497824040544188,15.0,17.26923076923077,13.689580540857174,3.5,6.615384615384615,8.114564304148058,9.0,10.653846153846153,8.347178242698824,9.0,11.307692307692308,11.564667676225655,739.5,753.6923076923077,512.0534166846869,33.0,99.15384615384616,166.61925274293898,147.0,275.5769230769231,279.2346931277592,319.0,343.34615384615387,271.36026861833585,100.5,142.1153846153846,132.25258467737467,15.0,21.692307692307693,23.909444545232297,11.5,22.346153846153847,26.5072704105003,41.0,44.4125,28.580995700244443,48.3,47.75416666666666,25.63965982217981,436.5,427.0,280.2907062319406,1080.5,1063.1923076923076,735.7726289679861,13.5,20.26923076923077,22.210912079079854,8.0,12.76923076923077,12.067502450159909,2.5,4.730769230769231,6.148545794300908,12.0,16.96153846153846,15.631969214992127,7.5,11.307692307692308,12.830492526070016,467.5,478.88461538461536,320.748290960133,19.5,37.46153846153846,40.25044672470682,13.0,14.0,10.654576481493763,11.0,13.0,11.327841806805036,1.0,2.230769230769231,4.885142309556129,9.5,21.96153846153846,27.319561884087044,41.0,51.65384615384615,37.202088444271304,11.5,17.576923076923077,16.560611285633335,50.5,49.45416666666667,19.769453361989655
6,Bournemouth,24.0,21.0,9.496410805236797,16.0,15.73913043478261,11.013286980669172,1530.0,1409.6521739130435,946.7328320788122,1.0,2.217391304347826,3.4106320627112034,1.0,1.608695652173913,2.0167284586402126,3.0,3.608695652173913,2.965546560612741,0.0,0.043478260869565216,0.2085144140570748,1.0,2.617391304347826,3.470217726194378,1.1,1.7565217391304346,1.8300089634545815,19.0,28.47826086956522,33.227685013906694,41.0,56.82608695652174,50.939047510380696,31.0,56.0,69.68891916614473,0.03,0.13565217391304346,0.18322430582501678,0.04,0.10173913043478262,0.11953136423371534,0.08,0.18478260869565216,0.20471420355788683,0.1,0.13043478260869562,0.14898072666286752,1.0,1.09,0.15588457268119899,80.0,79.86666666666666,4.801388688008221,20.0,15.633333333333333,13.971518648068768,0.0,0.0,,30.2,25.089999999999996,17.10992017576507,0.16,0.5543478260869564,0.6596543591289203,0.065,0.05800000000000001,0.05346912537550107,16.450000000000003,15.765,4.442293741324466,567.0,628.0434782608696,485.93728348240666,74.1,73.92608695652174,6.721486401581149,6761.0,8706.608695652174,7498.847103747047,88.0,86.81739130434782,7.304584623490862,78.8,81.45652173913045,10.777452308447927,11.0,17.130434782608695,16.147908245697412,35.0,46.78260869565217,46.55295764624036,6.0,12.73913043478261,13.525119361948002,2.0,3.782608695652174,5.213239454758262,41.0,56.82608695652174,50.939047510380696,28.0,39.52173913043478,35.50143347325748,2.35,2.62,1.8788971620220585,2.0,3.782608695652174,4.010854836782195,0.22,0.23043478260869568,0.20857695900095716,21.0,27.08695652173913,22.797354398897536,10.0,15.73913043478261,14.203768358190109,23.0,24.26086956521739,20.684243874602515,22.0,23.608695652173914,20.198422824195468,14.0,17.347826086956523,15.581482878585472,2.0,5.043478260869565,6.643371685505684,8.0,12.304347826086957,11.810760819957581,8.0,13.521739130434783,15.069142357261054,778.0,809.2173913043479,595.094641558019,41.0,84.26086956521739,140.8623497639723,148.0,242.7826086956522,263.0634138070029,285.0,346.17391304347825,307.4479486136139,118.0,230.34782608695653,229.3121351694419,19.0,38.56521739130435,47.16010070827064,16.0,25.91304347826087,31.023324133886838,41.650000000000006,43.144999999999996,19.246393373687884,45.099999999999994,43.005,19.095893055286712,454.0,435.4347826086956,325.20382784381366,1059.0,1363.3478260869565,1229.2970500062831,19.0,28.47826086956522,33.227685013906694,15.0,19.73913043478261,19.21461894047519,1.0,8.91304347826087,15.828377977768746,17.0,22.17391304347826,20.13511670940066,8.0,13.434782608695652,16.527734506130546,406.0,473.8695652173913,350.875697278554,31.0,56.0,69.68891916614473,15.0,19.347826086956523,17.458024192206064,10.0,14.826086956521738,13.12752893008721,0.0,2.652173913043478,4.848698941254747,10.0,31.565217391304348,39.505840864998596,55.0,69.91304347826087,55.65389232771861,20.0,22.304347826086957,20.33455362544861,45.9,50.32727272727273,17.984018879686907
7,Brighton,20.0,18.964285714285715,9.758119668814247,9.0,13.357142857142858,9.866570141097986,895.5,1198.4642857142858,866.1779597383601,1.0,1.9285714285714286,2.9555794246559732,1.0,1.2857142857142858,1.5836465855538944,2.0,2.607142857142857,2.543536262681686,0.0,0.10714285714285714,0.314970394174356,0.75,1.8857142857142861,2.6422092727999127,0.9500000000000001,1.2964285714285715,1.396419268159378,16.5,25.75,29.927845327151868,38.5,48.892857142857146,49.14177470507166,26.5,48.607142857142854,62.15889989356983,0.045,0.12249999999999998,0.14913640288898838,0.035,0.09035714285714283,0.12638806034963035,0.09,0.12928571428571428,0.12049061962654778,0.09,0.10214285714285713,0.0769491001972344,1.095,1.095,0.8414570696119915,69.15,69.15,8.273149339882607,34.4,34.4,22.061731573020282,0.0,0.0,,29.3,30.50769230769231,21.82297730516023,0.31,0.45607142857142857,0.649925005848762,0.055,0.0803846153846154,0.08879102518749378,16.45,17.638461538461538,3.989594157111916,439.0,613.5,539.4690462407012,80.8,79.46428571428571,8.243795165465887,4737.5,8625.5,9052.315936533303,91.4,89.5892857142857,6.206289479272549,82.1,81.43571428571428,10.457186587354713,9.0,11.714285714285714,9.988353005736018,21.5,38.17857142857143,47.700495821189335,8.0,10.821428571428571,10.374661338260536,1.0,2.8214285714285716,3.77176225075103,38.5,48.892857142857146,49.14177470507166,23.5,29.607142857142858,23.528295472275246,2.8099999999999996,2.501785714285714,1.2347321004122147,3.0,3.4642857142857144,2.9247620081355,0.29,0.29964285714285716,0.27560683406644143,16.5,22.107142857142858,19.23796263509227,10.0,13.535714285714286,11.76461153868179,17.5,22.464285714285715,18.4942075873965,10.5,15.0,14.404217489384195,12.0,14.0,12.058499384558901,2.0,3.892857142857143,5.328743064316635,9.0,10.107142857142858,9.753780978996986,8.5,9.964285714285714,9.527667869235104,630.5,757.0357142857143,609.7733326374376,22.5,82.96428571428571,190.5769956470121,118.0,241.39285714285714,318.9572523646058,227.0,328.75,319.0382102971831,145.0,195.28571428571428,177.30740352256967,17.0,33.892857142857146,41.816476715138556,12.0,26.178571428571427,31.66380521741758,41.5,44.75185185185185,21.561243191829362,47.9,47.3037037037037,20.826009652899856,362.5,442.64285714285717,380.08285785599276,993.5,1329.25,1411.562428920783,16.5,25.75,29.927845327151868,15.0,18.25,18.61426175653337,2.0,8.178571428571429,14.689511429307172,10.0,18.357142857142858,18.911517724537674,7.0,11.142857142857142,12.026865869606373,408.0,500.07142857142856,419.3013526553717,26.5,48.607142857142854,62.15889989356983,10.5,14.071428571428571,12.250256449102732,8.0,13.357142857142858,14.537854255329647,1.0,1.4285714285714286,1.7935805576921315,10.0,22.178571428571427,27.224789318544847,39.0,52.107142857142854,43.53826693646278,11.5,16.714285714285715,17.755243655007305,53.8,50.170370370370364,19.86866134654531
8,Crystal Palace,29.0,23.95,10.127996632576142,19.5,18.0,12.723786262041077,1715.5,1612.2,1067.1118720023787,0.0,1.8,3.442765106560041,1.0,1.6,2.112618729145617,2.5,3.6,3.283130726672493,0.0,0.2,0.4103913408340617,1.0,2.505,3.4164424402246882,1.35,1.955,2.132326379678703,12.5,21.6,22.33807229114031,52.5,49.4,39.09152553202615,11.0,50.3,63.677724767605724,0.0,0.0775,0.13058068689309948,0.035,0.06500000000000002,0.08211032373068503,0.07500000000000001,0.14150000000000001,0.143647045511596,0.11499999999999999,0.1045,0.07493681549004785,1.38,1.38,,66.9,66.9,,29.4,29.4,,50.0,50.0,,33.3,30.326315789473686,18.780540818897958,0.3,0.4655,0.48556505336837363,0.0,0.05421052631578947,0.07403571131357896,17.7,18.157894736842106,5.9007829790699695,673.5,678.0,498.0103571106465,75.55,74.705,6.3202660670176485,8974.0,9163.85,7607.804547236172,84.8,84.515,5.885779025485251,82.35,81.85000000000001,10.311286611230791,10.0,16.2,15.93605643617147,28.5,38.25,32.47164755193124,7.5,11.9,12.1217507854791,1.5,2.9,4.1536287242539345,52.5,49.25,39.28020125363815,32.0,37.6,34.125773559769044,2.19,2.5315,1.7016316473190942,3.0,3.7,3.2943332525637667,0.16,0.184,0.1673131322118091,25.5,33.25,29.800874236558194,13.0,19.35,18.525302753403604,28.0,28.1,22.211661233164037,19.0,27.4,25.357237106676475,17.5,20.5,18.219422834465767,2.5,5.75,6.904422686335111,14.0,14.75,13.110361510933572,10.5,13.4,14.376149839596357,881.0,872.95,618.4647779614837,25.5,109.8,217.90355181762607,172.0,325.0,366.9434202764924,369.0,361.45,271.56572820744907,157.5,194.75,180.3709262953195,20.5,33.4,35.508931419099554,12.5,20.9,29.161799092576395,41.9,43.147368421052626,22.093321475078607,47.6,47.09473684210526,23.367842901546243,423.0,438.6,311.3281227258469,976.5,1072.3,785.6919913446732,12.5,21.5,22.43470056572372,13.5,15.25,14.00328908732366,1.0,5.35,7.672747397873785,15.0,22.0,20.398658366615553,14.0,14.8,14.32553847614738,514.0,508.15,349.89250604932033,11.0,50.05,63.866204719422285,12.0,17.9,16.257467919632955,18.5,17.35,15.346094994458603,1.0,3.15,5.060424363315996,12.0,26.3,31.74420792588949,63.5,71.4,54.0588373417043,14.0,21.65,22.108048070186662,44.8,42.055,18.325606904576247
9,Fulham,26.0,23.772727272727273,9.211441220061568,17.0,16.954545454545453,11.180243087600354,1596.5,1523.2727272727273,935.531129095389,0.5,2.227272727272727,3.2649920612726087,1.0,1.9090909090909092,2.561790499391112,2.0,3.1818181818181817,2.9702711698615705,0.0,0.09090909090909091,0.29424494316824984,1.0,2.0636363636363635,2.6494465647691587,0.95,1.5818181818181818,1.8143964925105625,22.0,32.0,35.32973926015413,51.0,63.81818181818182,48.55790491639986,38.0,62.68181818181818,70.37476980501054,0.015,0.16863636363636364,0.25471357311498793,0.09,0.1081818181818182,0.12385230696032246,0.095,0.14863636363636362,0.15387983730497096,0.085,0.10090909090909092,0.08041020374181915,1.35,1.35,,68.3,68.3,,14.7,14.7,,0.0,0.0,,30.6,29.328571428571422,18.603202489279713,0.265,0.5436363636363636,0.60930518941891,0.06,0.07476190476190477,0.09260772363140386,15.4,16.423809523809524,4.3237604884989596,775.5,807.9090909090909,587.520610304411,81.5,80.30909090909091,7.886873307133223,10951.5,11793.636363636364,9638.84030045432,90.7,88.51818181818183,6.610283212982948,84.65,84.42272727272727,9.104260217752682,9.5,16.0,16.52703413026237,44.5,54.77272727272727,46.87768462730765,7.0,13.409090909090908,18.332014907335488,2.5,4.2272727272727275,6.711268549322516,51.0,63.81818181818182,48.55790491639986,30.0,37.72727272727273,31.05629576259066,2.2249999999999996,2.537272727272727,1.7013165261284926,3.0,4.136363636363637,4.2683269226495195,0.185,0.23727272727272727,0.20619412531887835,23.0,27.136363636363637,21.85514095464008,12.0,16.59090909090909,14.151086416005196,18.0,22.90909090909091,19.875587061492322,19.0,21.818181818181817,20.117834692811073,14.0,14.954545454545455,11.008556294460764,2.0,4.5,6.123724356957945,9.5,10.454545454545455,8.063600003822426,8.5,12.409090909090908,13.514222106144295,949.0,975.1363636363636,670.1447814752632,26.5,106.04545454545455,229.9006984957444,154.5,326.95454545454544,387.0604083864168,379.0,401.5,314.54362253301287,204.0,257.0,222.62524564837653,32.0,37.95454545454545,37.029559971572866,18.0,25.818181818181817,25.86528536500201,44.4,44.15714285714286,18.44046017399163,41.3,37.57142857142857,15.519315154256738,525.0,577.5,409.07965809444335,1212.0,1560.2727272727273,1264.4023689669957,22.0,32.0,35.32973926015413,17.5,22.636363636363637,23.09101135062744,4.0,9.090909090909092,11.147961978633415,14.5,20.454545454545453,17.7381141230034,7.5,11.5,11.640446726822816,632.5,654.2272727272727,446.4564109068508,38.0,62.68181818181818,70.37476980501054,15.0,17.181818181818183,13.343935178971982,15.0,14.681818181818182,10.749911909434704,1.0,1.7727272727272727,3.1912352912285677,15.0,36.81818181818182,50.39901393936796,58.0,65.86363636363636,44.04899377754108,15.0,21.772727272727273,22.25379971446678,47.75,45.74090909090909,21.407512234881008
10,Manchester Utd,20.0,18.96,10.764447655747755,15.0,13.96,10.569137460865322,1352.0,1248.8,912.6175266780712,0.0,1.28,2.17025344142107,0.0,0.92,2.1393145319626723,2.0,2.84,2.4440403706431146,0.0,0.12,0.439696865275764,0.8,1.696,2.2997246211956193,0.4,1.204,1.617477459915078,10.0,22.48,32.027488193737575,43.0,47.24,56.21037863834994,15.0,44.64,65.28519485049169,0.0,0.06280000000000001,0.09889051184685685,0.0,0.0412,0.0893177847165203,0.07,0.12440000000000001,0.15294552407093626,0.06,0.0768,0.07425855730710995,1.31,1.31,,69.5,69.5,,28.1,28.1,,25.0,25.0,,29.6,25.923809523809528,15.16205476714501,0.17,0.3696,0.46390983319318996,0.0,0.04476190476190476,0.05372327685640998,15.9,16.16190476190476,6.195117124839222,683.0,682.8,568.4906918030116,82.6,83.0,5.783165223301163,8106.0,9280.08,8226.500414919255,90.4,89.86399999999999,4.540638721589728,86.5,85.48800000000001,8.533039708489975,6.0,12.68,16.896054766325378,25.0,38.0,40.710359042058734,5.0,10.2,13.934369977385654,1.0,2.08,2.59679289380831,43.0,47.24,56.21037863834994,15.0,29.88,35.47924275779666,1.89,2.1988000000000003,1.4101398275821209,1.0,2.32,3.944616584663204,0.04,0.1268,0.21045031084161725,21.0,28.28,27.82163426783792,10.0,16.96,16.89792886717186,17.0,24.68,24.60474209036407,13.0,16.68,18.18818297686715,10.0,12.72,11.00196952065099,2.0,3.8,5.057996968497839,8.0,8.92,8.415858046965067,7.0,13.0,13.00320473319302,771.0,827.36,659.7232930049789,24.0,86.32,193.06188990407543,150.0,294.64,324.18845856487036,329.0,351.12,307.94403171139174,125.0,189.28,220.29989408379964,18.0,30.88,37.16216714168681,5.0,20.28,25.36322797542405,50.0,49.68260869565216,27.02811082379894,48.4,45.2304347826087,24.719010622717246,527.0,503.52,401.29084631141706,775.0,1257.0,1110.7901091865497,10.0,22.48,32.027488193737575,10.0,15.4,18.296174463531987,1.0,7.48,15.864320554838352,8.0,16.72,17.77760763807474,5.0,12.52,14.053825102085197,563.0,554.4,437.9558577451994,15.0,44.64,65.28519485049169,10.0,13.8,11.445523142259598,7.0,12.44,11.277115470426528,1.0,2.12,3.0044411571316663,6.0,20.32,36.26490498172211,53.0,58.4,51.45224322936108,10.0,16.24,16.266734972534184,50.95,50.25,23.889528359040312
11,Ipswich Town,18.0,17.93103448275862,8.774683691827622,11.0,12.586206896551724,9.634451727966786,979.0,1130.7931034482758,789.8995586831794,0.0,1.0689655172413792,2.328872113319459,0.0,0.7241379310344828,0.9962985684213461,2.0,2.8275862068965516,2.5504756631605767,0.0,0.1724137931034483,0.3844258722192447,0.5,1.0310344827586206,1.7507352431551766,0.3,0.6827586206896552,0.9702978060947656,9.0,14.689655172413794,18.128713310806667,18.0,27.344827586206897,25.710303468327588,14.0,26.689655172413794,35.5257486583181,0.0,0.08172413793103449,0.13640980708138362,0.0,0.05655172413793104,0.08792350011186532,0.04,0.08827586206896551,0.11323392240078062,0.03,0.05310344827586208,0.05555585659469615,2.5,2.3333333333333335,0.44410959608336914,60.0,62.53333333333333,6.576726642740545,5.6,7.433333333333333,8.499607834090542,0.0,0.0,0.0,22.2,28.22608695652174,24.741687628764684,0.07,0.2655172413793104,0.356266214737725,0.07,0.07,0.07267611837335688,16.0,16.330434782608695,5.184455330610807,336.0,442.2758620689655,374.84462462577403,76.0,75.06896551724138,8.493741538344398,4189.0,6128.724137931034,5517.38015532056,87.3,87.4103448275862,7.426080721137313,84.6,81.60689655172415,11.271326802190298,4.0,7.9655172413793105,11.159501904593263,17.0,25.82758620689655,28.32347457185753,4.0,4.758620689655173,5.997947103645386,0.0,1.4827586206896552,2.785430072655778,18.0,27.344827586206897,25.710303468327588,12.0,18.517241379310345,20.936333233426616,1.33,1.470689655172414,1.2229616599365971,1.0,1.6896551724137931,2.0372153311367747,0.1,0.12448275862068964,0.1499186971779931,13.0,18.137931034482758,16.295757857121313,8.0,10.137931034482758,9.195201147225168,13.0,18.620689655172413,16.644204896907702,12.0,16.17241379310345,17.934541623672224,9.0,13.724137931034482,13.986974940289825,2.0,5.931034482758621,9.706150607007462,7.0,7.793103448275862,7.570522299139829,7.0,9.827586206896552,9.430455849901735,432.0,572.551724137931,461.8607231473649,28.0,93.86206896551724,132.16999987514217,123.0,237.3793103448276,247.9594456751091,146.0,224.24137931034483,212.31776306356298,101.0,117.03448275862068,122.46617106036749,11.0,17.413793103448278,21.28298656771129,7.0,17.448275862068964,25.963691965755004,44.4,44.147619047619045,12.030653309260435,45.9,45.55714285714286,9.471460891993983,216.0,283.0344827586207,221.0747260153422,593.0,761.5172413793103,608.616617578027,9.0,14.689655172413794,18.128713310806667,6.0,9.586206896551724,10.933295286088631,1.0,4.310344827586207,7.550323778657547,11.0,16.24137931034483,20.649550621906993,4.0,9.862068965517242,13.783333978631676,273.0,337.82758620689657,279.377377773904,14.0,26.689655172413794,35.5257486583181,9.0,13.10344827586207,14.634462329881787,8.0,11.862068965517242,11.667182723749535,1.0,1.5517241379310345,2.8105185959756827,6.0,14.862068965517242,29.07223041462055,37.0,43.310344827586206,35.829061875478224,7.0,16.517241379310345,21.891976171411645,53.8,53.265517241379314,26.422748260083836
12,Newcastle Utd,27.0,22.565217391304348,9.917047246381179,13.0,16.26086956521739,12.259383757700755,1413.0,1459.8260869565217,1021.1437728072785,0.0,2.739130434782609,5.011054972434337,1.0,2.0869565217391304,2.843062425021507,2.0,2.5652173913043477,3.0275415612569785,0.0,0.043478260869565216,0.2085144140570748,0.5,2.552173913043479,4.266771140848715,0.9,1.8478260869565215,2.2415233385959548,14.0,29.130434782608695,32.499376704269395,57.0,61.21739130434783,60.89480984133745,22.0,60.78260869565217,69.37707017172639,0.0,0.16347826086956524,0.2605520135762841,0.04,0.10652173913043479,0.13161958598559623,0.11,0.1434782608695652,0.1634460905189502,0.08,0.09913043478260869,0.09258475446256409,1.2650000000000001,1.2650000000000001,0.09192388155425125,70.6,70.6,0.14142135623731153,39.6,39.6,14.707821048680188,50.0,50.0,,25.0,22.91904761904762,17.24466929365765,0.28,0.371304347826087,0.416972904589801,0.05,0.08714285714285715,0.10863438024598186,14.8,15.647619047619049,3.679758014818236,620.0,735.9130434782609,604.2321884419988,81.8,79.73478260869564,6.694340126055752,6537.0,10096.695652173914,9044.196147177294,88.6,87.70869565217392,7.715622466108985,86.6,85.70434782608696,9.88053542259498,8.0,15.521739130434783,16.18604776628594,26.0,44.17391304347826,47.285066039456176,8.0,14.91304347826087,18.00987871212065,0.0,2.8260869565217392,4.638300765592381,57.0,61.21739130434783,60.89480984133745,27.0,36.130434782608695,35.29654161249189,2.01,2.0782608695652174,1.4037924353625175,3.0,4.782608695652174,5.393232474290269,0.23,0.22782608695652182,0.2213174708984837,22.0,23.82608695652174,21.35554467901836,15.0,14.608695652173912,13.344182015990688,27.0,23.391304347826086,21.84811023746943,12.0,17.782608695652176,19.15714089917465,17.0,16.73913043478261,13.938884105931045,3.0,5.608695652173913,7.190518570468543,9.0,11.130434782608695,10.09637355159171,6.0,10.869565217391305,11.545579035150944,749.0,897.6086956521739,713.2754624796048,26.0,89.8695652173913,142.2514752592701,122.0,294.17391304347825,333.3486643378225,225.0,376.04347826086956,343.39726242632923,127.0,236.1304347826087,222.54341851092707,31.0,41.56521739130435,45.5430127231954,7.0,26.26086956521739,30.264316508967134,47.9,43.82380952380952,17.009318174515542,42.9,43.93333333333334,16.787773328626205,470.0,511.4782608695652,417.4793266046745,1472.0,1391.3478260869565,1116.0105330512893,14.0,29.130434782608695,32.499376704269395,13.0,17.869565217391305,16.96066129667571,4.0,10.434782608695652,15.582117042992008,11.0,18.608695652173914,17.28567228669924,7.0,17.73913043478261,20.165716612166637,538.0,594.9565217391304,490.6910227851099,22.0,60.78260869565217,69.37707017172639,9.0,15.391304347826088,16.521993965165958,11.0,17.608695652173914,23.457387148992265,2.0,3.0434782608695654,4.300932888968976,9.0,26.652173913043477,38.67299820952384,46.0,65.0,57.43929601999599,7.0,18.434782608695652,27.516649648987755,50.0,49.6304347826087,23.879402207810216
13,Liverpool,27.0,23.714285714285715,8.5623761722016,18.0,17.285714285714285,11.528845810153145,1560.0,1549.2380952380952,945.4482484389034,1.0,3.5714285714285716,6.209439818304294,2.0,2.6666666666666665,3.928528138289623,3.0,2.857142857142857,2.308369863902106,0.0,0.09523809523809523,0.30079260375911915,1.6,3.5238095238095237,5.410259213929104,1.2,2.5380952380952384,2.95084330157943,21.0,34.23809523809524,35.53435627938793,67.0,79.57142857142857,65.63045895662427,54.0,78.80952380952381,104.57371517146126,0.04,0.16523809523809524,0.23595802693739934,0.14,0.14666666666666667,0.15166849815743985,0.07,0.18619047619047618,0.21143500633708198,0.11,0.1376190476190476,0.12074372703808517,1.015,1.015,0.2616295090390226,69.85,69.85,3.181980515339464,39.55,39.55,0.6363961030678917,100.0,100.0,,32.5,32.09444444444444,14.87178426821279,0.35,0.510952380952381,0.46104126455128464,0.08,0.07333333333333333,0.06816933932149712,14.85,15.355555555555554,3.938978999125986,716.0,899.4285714285714,691.6900730405614,83.7,82.77142857142857,7.6010619558810895,10916.0,12863.47619047619,10858.110874452552,91.7,91.25238095238097,5.947320324954681,88.3,86.58095238095238,9.86719914908071,11.0,21.047619047619047,21.40905460424675,39.0,66.0,68.77717644684172,8.0,18.38095238095238,22.301291869477406,1.0,3.5714285714285716,5.775564289066728,67.0,79.57142857142857,65.63045895662427,35.0,47.904761904761905,43.52689371170974,2.71,2.6204761904761904,1.5328257441420932,4.0,6.238095238095238,6.171748228053069,0.34,0.35000000000000003,0.2692953768633988,24.0,27.142857142857142,22.77780874949501,15.0,16.666666666666668,14.11854572303158,19.0,27.428571428571427,26.596186622467943,12.0,15.571428571428571,12.773298041506072,9.0,14.80952380952381,14.316490658045522,2.0,3.857142857142857,4.452928410447605,8.0,10.952380952380953,12.463852496223591,7.0,12.619047619047619,15.622023526023092,758.0,1070.5238095238096,788.2621149749377,26.0,95.0,144.88340139574305,155.0,290.5238095238095,306.73532875226795,280.0,484.0952380952381,452.09334265856035,195.0,305.3333333333333,275.1254865208481,40.0,54.142857142857146,70.26256877903464,16.0,27.666666666666668,34.408332324210846,48.55,54.839999999999996,20.867965880746496,41.8,38.04,19.69617649243255,489.0,616.2380952380952,441.33636885734956,1318.0,1677.2857142857142,1201.31312083308,21.0,34.23809523809524,35.53435627938793,17.0,23.19047619047619,20.934705748156688,5.0,13.380952380952381,25.281369010550417,19.0,22.0,24.130893062628246,10.0,14.095238095238095,15.38474816792515,551.0,747.8095238095239,549.4712566684102,54.0,78.80952380952381,104.57371517146126,15.0,17.761904761904763,15.946487895159743,12.0,14.761904761904763,12.988089782199545,1.0,2.5714285714285716,4.249369701160733,6.0,30.238095238095237,43.21678465816813,58.0,66.71428571428571,47.20184621086643,9.0,17.476190476190474,25.409878094196056,45.0,50.652380952380945,21.99176252708316
14,Aston Villa,21.0,19.615384615384617,9.928048843864227,12.5,14.115384615384615,11.399392696374392,1094.5,1260.6923076923076,919.9748591882616,1.0,2.0,3.370459909270543,0.0,1.5769230769230769,2.4194722882988664,2.0,2.3846153846153846,2.3164960276576876,0.0,0.038461538461538464,0.19611613513818402,0.8500000000000001,2.0384615384615383,3.0137122521006443,0.55,1.4846153846153847,2.001537870277214,18.0,24.192307692307693,23.243096576436166,34.5,45.26923076923077,47.16232198889931,23.0,44.73076923076923,51.91574535133456,0.05,0.1892307692307692,0.2992246390513064,0.0,0.0926923076923077,0.11773046138727877,0.08499999999999999,0.20192307692307693,0.2539924287181684,0.055,0.09307692307692308,0.10806550719889231,1.705,1.705,0.41719300090006306,60.75,60.75,7.283199846221443,57.6,57.6,59.96265504461923,50.0,50.0,,30.6,31.956521739130434,21.180390289282307,0.22,0.5053846153846154,0.6851991288332511,0.06,0.08217391304347825,0.08420518887807388,16.3,16.852173913043476,4.668158052673783,576.5,604.9615384615385,493.2079059195406,82.1,81.31153846153846,7.18622721171976,7160.0,8587.73076923077,7805.291474673793,91.5,90.18461538461537,5.446444146978268,86.2,86.37692307692308,7.8263814214390415,8.0,12.5,14.838463532320318,23.5,38.96153846153846,46.265737447256384,8.0,10.807692307692308,12.683908642904145,0.0,1.9615384615384615,3.778685160007584,34.5,45.26923076923077,47.16232198889931,22.5,29.53846153846154,29.44178088259033,1.94,2.163846153846154,1.455744694438079,2.5,3.6153846153846154,3.77440774773392,0.195,0.2538461538461539,0.21492467374551338,11.5,21.846153846153847,20.594547448666713,6.5,12.653846153846153,12.544137460000373,12.0,18.53846153846154,18.87692934612146,10.0,14.076923076923077,13.93103894739535,10.5,11.115384615384615,9.065657937852821,3.0,3.730769230769231,4.200549414614163,6.0,7.384615384615385,6.394228166569742,6.0,8.26923076923077,8.525527278979018,693.0,736.5769230769231,560.7276110966482,31.5,89.6923076923077,192.9888637679945,144.0,248.34615384615384,298.3751923076303,256.0,313.11538461538464,296.84033781453314,118.5,182.3846153846154,168.26932624173116,20.0,32.57692307692308,38.14726525131056,17.0,24.076923076923077,29.69838120426509,47.4,51.263999999999996,25.56465463617036,41.2,38.156,23.739051511521406,411.5,416.0769230769231,310.6560700294682,1112.0,1205.2307692307693,923.2750969323198,18.0,24.192307692307693,23.243096576436166,13.0,15.153846153846153,13.104784798514801,2.0,7.1923076923076925,10.77411427735656,9.5,17.26923076923077,21.85691230216691,8.0,13.076923076923077,15.356882696493,483.5,492.15384615384613,377.4071215340476,23.0,44.73076923076923,51.91574535133456,8.5,13.76923076923077,13.782039594509058,10.0,16.653846153846153,17.412506557511605,0.5,1.8076923076923077,2.8286990758188577,6.0,20.807692307692307,34.66874007606187,39.5,47.30769230769231,35.92299456422778,9.5,12.653846153846153,11.889297061449202,47.2,41.264,23.28096289532143
15,Wolves,25.0,22.08695652173913,8.680767893757812,15.0,16.17391304347826,10.547089964505261,1364.0,1452.1739130434783,848.6557633947248,1.0,2.1739130434782608,3.9387604639143587,1.0,1.6956521739130435,2.224548628551535,2.0,3.217391304347826,2.7461795236809605,0.0,0.08695652173913043,0.28810406552003043,0.8,1.756521739130435,2.509948584579613,0.9,1.4043478260869564,1.7810819645448317,12.0,23.130434782608695,27.111393693135547,30.0,44.91304347826087,40.27960576167803,28.0,44.26086956521739,46.996341628707796,0.07,0.12434782608695653,0.1704759670333868,0.04,0.10304347826086957,0.13377167734643625,0.08,0.11304347826086956,0.12167149448071211,0.07,0.08391304347826087,0.08167224578291757,2.06,2.06,0.5232590180780453,61.9,61.9,0.565685424949236,13.45,13.45,19.021172413918126,16.65,16.65,23.546655813512032,28.6,30.8904761904762,17.00246760802398,0.23,0.36,0.4134774919673819,0.07,0.09904761904761905,0.11810608629129839,18.1,18.15714285714286,5.832372710018747,559.0,679.2608695652174,459.53981105521643,80.4,77.83043478260872,8.774624300820712,9479.0,9365.260869565218,6281.023817944097,90.4,88.3391304347826,6.8960950169072825,86.3,84.6608695652174,9.517101312443003,10.0,12.26086956521739,12.450693267679908,24.0,38.43478260869565,32.64105903885267,4.0,10.652173913043478,12.654890163857154,1.0,2.6956521739130435,3.4566771039237256,30.0,44.91304347826087,40.27960576167803,21.0,29.17391304347826,27.53452737252736,1.78,1.82,1.0889110490426996,3.0,3.9130434782608696,4.14414201536075,0.18,0.2582608695652174,0.24573918498190947,19.0,30.82608695652174,26.933676408934332,12.0,18.08695652173913,16.72481293135839,18.0,25.82608695652174,22.46138539787996,15.0,18.82608695652174,19.66457861673911,15.0,17.52173913043478,12.438465139226897,4.0,5.782608695652174,6.02235624183403,9.0,11.73913043478261,10.247915048723316,9.0,11.826086956521738,9.608954980135804,725.0,851.1304347826087,555.0575976949539,55.0,99.6086956521739,144.15356052438563,304.0,299.30434782608694,244.96055986490575,328.0,384.0,308.00324673613426,123.0,178.34782608695653,182.5308463833522,23.0,27.695652173913043,31.104566724940003,14.0,27.347826086956523,33.56487435569861,46.4,44.147619047619045,22.51118875243196,41.7,42.52857142857143,22.745046556495392,390.0,465.3478260869565,296.97131919913994,1038.0,1293.1739130434783,890.9067726032595,12.0,23.130434782608695,27.111393693135547,13.0,17.782608695652176,21.563767004649954,3.0,5.565217391304348,8.40901078906389,16.0,22.347826086956523,22.255966913192214,11.0,14.130434782608695,15.067437339647034,482.0,543.5652173913044,360.25998517320244,28.0,44.26086956521739,46.996341628707796,14.0,19.304347826086957,17.105115616012483,10.0,16.608695652173914,16.754210136925373,1.0,2.4782608695652173,3.301095757711525,10.0,21.08695652173913,29.867758602757075,43.0,64.17391304347827,49.441105619728866,10.0,17.47826086956522,17.432648485000236,40.7,46.52608695652174,24.15804434798826
16,Nott'ham Forest,28.5,23.136363636363637,10.222735886460582,18.0,16.5,12.431718266097372,1699.5,1482.6818181818182,1036.3232804286708,1.0,2.3636363636363638,4.169566090767885,1.0,1.7272727272727273,2.4723580065504493,2.0,3.227272727272727,2.776291088447357,0.0,0.09090909090909091,0.29424494316824984,1.2999999999999998,1.8454545454545455,2.4839920390807313,1.1,1.3454545454545455,1.3803820288074407,12.5,24.681818181818183,32.424838162589644,34.0,42.54545454545455,40.25599898829309,17.0,42.22727272727273,54.23663479708669,0.05500000000000001,0.1222727272727273,0.16925415710395328,0.06,0.09681818181818182,0.11651226641477809,0.07,0.11363636363636366,0.13605130175767047,0.065,0.08818181818181818,0.08633469553823454,1.18,1.18,,74.7,74.7,,39.4,39.4,,0.0,0.0,,36.75,39.085,26.297794083995157,0.28500000000000003,0.43681818181818177,0.4309832210150841,0.06,0.0815,0.08671034661749608,18.9,19.184999999999995,6.342278770284384,540.0,551.6818181818181,409.1756388926441,76.5,73.65454545454544,8.494408652459471,5353.5,7057.136363636364,5928.186973269592,88.44999999999999,86.23181818181818,7.789943844998185,81.4,77.44090909090909,11.906607173006691,9.5,13.318181818181818,14.370559732069832,25.5,36.31818181818182,34.834829811057894,6.5,9.136363636363637,9.982343720148398,0.5,2.272727272727273,3.1650143786902483,34.0,42.54545454545455,40.25599898829309,23.5,31.5,30.68852740497195,1.7149999999999999,1.9263636363636365,1.336097891532494,2.0,3.772727272727273,4.859275060392663,0.16499999999999998,0.21818181818181825,0.22863229709016897,20.5,27.772727272727273,24.89010478116386,13.0,16.863636363636363,15.532747141643483,18.0,26.227272727272727,25.494970219506172,18.5,21.90909090909091,24.863262420322442,11.0,17.363636363636363,17.59747128626712,3.0,6.409090909090909,9.776838961882317,7.5,10.954545454545455,10.260777250459626,11.0,12.681818181818182,10.620673297804679,768.5,734.9545454545455,528.1729043439439,32.0,99.22727272727273,168.15297225420096,145.0,254.54545454545453,273.1379779129131,230.5,292.5,246.09459079599375,123.5,197.3181818181818,193.82647771448427,21.0,30.318181818181817,29.69750087871972,11.0,24.09090909090909,26.958361351410936,42.5,49.66666666666667,24.915787577121364,38.150000000000006,39.12222222222222,22.388378170921246,347.0,335.0,254.36662704132584,800.0,1032.4545454545455,956.1134485022823,12.5,24.681818181818183,32.424838162589644,9.5,15.727272727272727,17.271451308533116,2.0,7.363636363636363,11.826304235113854,17.5,22.363636363636363,22.440493701693764,9.0,12.545454545454545,12.350929298860654,423.5,409.59090909090907,309.6996485215511,17.0,42.22727272727273,54.23663479708669,12.0,15.818181818181818,13.029769444425783,10.0,16.454545454545453,16.064534355818225,1.0,3.5454545454545454,5.771252836894195,6.0,22.545454545454547,34.74495821284178,46.0,61.86363636363637,50.62965012580545,13.0,22.454545454545453,24.774655391822307,43.849999999999994,50.32272727272727,20.712382581629576
17,Tottenham,20.0,18.333333333333332,9.144144826903423,14.0,13.407407407407407,8.010854459655922,1252.0,1204.4444444444443,686.1825465424541,0.0,2.1481481481481484,3.207007995764944,1.0,1.6296296296296295,2.322931638256149,2.0,2.3333333333333335,2.3533936216582085,0.0,0.037037037037037035,0.19245008972987523,0.7,2.0592592592592593,2.8952559683915897,0.9,1.5407407407407405,2.0130839829741634,15.0,28.48148148148148,28.582364614418573,48.0,55.55555555555556,46.50172315527949,30.0,55.18518518518518,68.93309857950736,0.0,0.14074074074074072,0.22324401836979132,0.05,0.11703703703703702,0.15617580859686045,0.08,0.14962962962962964,0.1908378587154245,0.09,0.11037037037037037,0.11209479098174975,1.75,1.7266666666666666,0.4254801209614068,68.6,64.63333333333333,7.219649114280648,19.0,19.433333333333334,5.363145843004209,0.0,0.0,,36.4,33.36666666666667,19.604118171327222,0.3,0.4248148148148148,0.4321446550045515,0.055,0.07416666666666667,0.08657324954182952,16.85,16.183333333333334,4.998840445253424,775.0,671.3333333333334,439.61451645381663,84.8,81.26666666666667,8.382903847896438,10149.0,9291.0,6325.460110963045,91.2,89.77777777777777,6.64578138794907,90.3,84.88148148148147,11.080163739314887,7.0,13.222222222222221,17.495787038672027,37.0,44.18518518518518,39.20266576202443,8.0,13.11111111111111,16.597806466132187,1.0,3.0,5.08391127441794,48.0,55.55555555555556,46.50172315527949,15.0,30.555555555555557,36.27918807221968,1.68,2.0237037037037036,1.5463732959316034,2.0,3.7037037037037037,4.504824890431069,0.23,0.2577777777777777,0.2626687491782602,13.0,21.88888888888889,20.239590550231636,9.0,13.962962962962964,13.715464268990683,14.0,19.814814814814813,17.639634212667087,11.0,13.88888888888889,13.22390996913526,15.0,13.851851851851851,11.498172776923177,4.0,4.666666666666667,4.835764198615911,9.0,9.185185185185185,8.593544254206343,10.0,10.148148148148149,10.505323572447606,862.0,811.2962962962963,510.7239066579014,45.0,80.85185185185185,108.60893280435216,207.0,259.1111111111111,217.95824111924483,393.0,344.0,255.58183997122512,148.0,216.1851851851852,226.0639863532578,24.0,34.96296296296296,41.93629003205245,19.0,26.962962962962962,28.465203429236304,42.95,43.45384615384615,25.038406191596632,48.4,43.66153846153846,24.48939487897693,564.0,510.0,308.7452273066183,1492.0,1414.7777777777778,855.0091917334679,15.0,28.48148148148148,28.582364614418573,18.0,19.185185185185187,16.78606802595771,4.0,8.444444444444445,11.754977123733044,14.0,17.40740740740741,17.475827831738282,10.0,13.962962962962964,15.926469214876903,618.0,556.5925925925926,338.4761392862086,30.0,55.18518518518518,68.93309857950736,10.0,14.185185185185185,12.579094491799411,10.0,15.74074074074074,15.050153570881676,1.0,1.9259259259259258,2.8813181535530403,12.0,26.0,42.39738743765306,56.0,54.7037037037037,40.287252054001875,9.0,13.407407407407407,13.316442292430638,50.0,50.2,23.11260062589902
18,Chelsea,17.5,19.153846153846153,10.880045248774687,11.5,14.384615384615385,11.398515422902836,1046.5,1291.423076923077,995.1280188227813,1.0,2.1923076923076925,3.47585075363406,1.0,1.6923076923076923,2.2048896710580466,2.5,3.6153846153846154,3.2505620815720233,0.0,0.038461538461538464,0.19611613513818402,0.75,2.4461538461538463,3.9643643393846406,1.05,1.8769230769230771,2.3167749467408685,11.0,30.115384615384617,38.78590148296355,33.0,56.53846153846154,61.782347491322,11.5,55.80769230769231,74.49994321112962,0.05,0.14615384615384613,0.20581694630087044,0.065,0.13230769230769232,0.18394146226031136,0.08499999999999999,0.155,0.1757782694191748,0.1,0.15307692307692308,0.1694171002176399,1.3050000000000002,1.3050000000000002,0.27577164466275345,74.05000000000001,74.05000000000001,3.7476659402887,22.65,22.65,8.414570696119917,10.0,10.0,14.142135623730951,33.3,29.847826086956523,21.6659739425088,0.28,0.4569230769230769,0.48999403450057827,0.08,0.09391304347826088,0.11846515139424614,15.0,15.108695652173916,4.581872686168066,587.0,749.5,660.9651276731626,84.7,84.07692307692308,6.4065159138057375,7569.5,11007.26923076923,10339.849385973443,91.9,91.06923076923077,5.659312271346703,90.7,88.48076923076923,7.279891165712258,6.5,16.26923076923077,20.954345978450757,27.0,52.76923076923077,57.37128737778694,4.0,12.653846153846153,16.88772881755817,0.0,2.6923076923076925,5.3499101358376535,33.0,56.53846153846154,61.782347491322,15.0,37.80769230769231,45.690278380214956,1.83,2.3284615384615384,1.6628137413617734,2.5,3.923076923076923,4.515954622651356,0.20500000000000002,0.2561538461538462,0.24501554110834559,11.0,20.0,23.23445717033217,8.5,12.5,14.409024949662625,11.5,18.692307692307693,21.903002955337847,8.5,13.692307692307692,14.600737599913861,9.0,12.0,12.96148139681572,1.5,3.576923076923077,5.485785828288064,5.5,8.423076923076923,9.495991056959046,7.0,9.384615384615385,11.00573277188547,713.5,882.9615384615385,749.4059770655278,19.5,81.96153846153847,174.11363663291414,123.5,263.61538461538464,324.6297678184275,254.5,398.9230769230769,405.23700947242446,91.5,227.73076923076923,254.26687675626297,11.5,39.5,49.92894951829049,13.0,27.115384615384617,33.083321384742405,44.25,46.3125,20.199705389586427,40.0,38.6,23.27732615751814,399.0,513.6923076923077,414.8245671828774,1010.5,1451.8846153846155,1154.5282786289154,11.0,30.115384615384617,38.78590148296355,9.5,17.0,18.874321179846444,1.0,10.923076923076923,20.2483047723469,6.0,15.961538461538462,19.0881759615334,5.5,10.615384615384615,11.768014014529124,495.5,631.2307692307693,529.269255309039,11.5,55.80769230769231,74.49994321112962,7.0,15.076923076923077,15.83647202358676,10.5,15.461538461538462,16.594531073171716,1.0,2.1153846153846154,3.8711954027346436,3.0,23.46153846153846,40.12802588638596,37.5,54.0,49.51928917098871,9.0,13.961538461538462,16.39629414039836,42.1,46.816,26.263864275210278
19,Brentford,26.0,22.238095238095237,10.839302384862053,21.0,17.285714285714285,12.625937023218741,1913.0,1547.6666666666667,1066.3490204118598,0.0,2.6666666666666665,5.11207720338155,1.0,1.7619047619047619,2.447544931247676,2.0,2.2857142857142856,1.5856499343441837,0.0,0.047619047619047616,0.21821789023599242,0.8,2.419047619047619,3.832834336051983,1.2,1.7380952380952381,2.198971621116605,12.0,24.523809523809526,31.18592478606182,51.0,55.904761904761905,52.115165510535185,27.0,55.285714285714285,73.31039684597464,0.0,0.11142857142857145,0.18738424998611047,0.06,0.08190476190476192,0.09877343001126607,0.06,0.11809523809523811,0.15686360468952149,0.08,0.09380952380952381,0.08169921605965326,1.385,1.385,0.2050609665440988,61.65,61.65,16.475588001646557,57.8,57.8,59.67981233214461,0.0,0.0,,37.5,32.6,16.513782122820924,0.17,0.31380952380952387,0.373543520763996,0.06,0.0823529411764706,0.08555184186830125,14.9,15.852941176470589,4.31973923504921,547.0,708.6666666666666,528.5471912074959,77.2,76.54285714285713,7.969226526368253,7521.0,10141.904761904761,8967.726684644007,87.1,86.49999999999999,7.891134265744057,79.9,81.97142857142856,10.019488153450899,8.0,13.619047619047619,16.7405979298118,41.0,45.76190476190476,38.29608956787202,7.0,13.523809523809524,17.89306862340568,2.0,3.7142857142857144,5.0412583463145095,51.0,55.904761904761905,52.115165510535185,21.0,32.285714285714285,34.527008062012634,1.72,1.8771428571428572,1.1752027180752385,2.0,4.619047619047619,5.696281159460009,0.2,0.26571428571428574,0.24904962213525697,24.0,25.952380952380953,21.287264245262218,16.0,15.571428571428571,12.484275824297653,24.0,24.285714285714285,19.591178772965286,14.0,23.095238095238095,23.08225457338334,17.0,19.952380952380953,18.334328977293364,4.0,8.19047619047619,12.131030655385583,12.0,11.761904761904763,9.74630577144367,8.0,12.238095238095237,11.911778884384825,762.0,889.047619047619,639.2070459710591,47.0,138.52380952380952,274.65207427718786,216.0,348.85714285714283,401.4415630841288,325.0,329.7142857142857,263.55021207677726,158.0,218.66666666666666,222.9251742924817,24.0,40.80952380952381,44.295167961775526,12.0,25.714285714285715,32.42243491340966,45.2,47.73157894736842,19.31203000525778,42.9,43.305263157894736,16.16389920244805,382.0,470.7142857142857,345.33608888402364,1164.0,1298.6190476190477,1089.2998887446226,12.0,24.523809523809526,31.18592478606182,9.0,15.19047619047619,18.24724375794615,1.0,8.666666666666666,16.67433157081067,14.0,21.285714285714285,23.82255833688493,8.0,12.047619047619047,12.997985191852583,475.0,545.6190476190476,392.17349173426754,27.0,55.285714285714285,73.31039684597464,11.0,12.428571428571429,10.107281674967947,10.0,14.19047619047619,13.555880818371957,1.0,2.9523809523809526,4.477456761111049,13.0,27.904761904761905,42.81810920849351,50.0,67.33333333333333,53.943797913507474,12.0,26.0,29.816103031751148,55.1,54.03809523809524,19.428367821061965
20,Arsenal,22.5,22.59090909090909,7.926201822100881,16.0,17.0,10.155927192672127,1427.5,1519.4545454545455,881.6773369021836,2.0,2.772727272727273,2.8103858095052354,1.5,2.272727272727273,2.6758499883538236,2.5,2.909090909090909,1.9738550848793073,0.0,0.22727272727272727,0.5284134548067254,1.65,2.4999999999999996,2.587515815456612,0.9,1.886363636363636,2.128557628009535,23.0,34.31818181818182,31.38301992151073,55.5,75.18181818181819,60.81559665527254,51.0,74.18181818181819,75.04134502528233,0.1,0.165,0.16695451333764394,0.11,0.13863636363636364,0.1549284152530253,0.095,0.15227272727272723,0.14182255238020633,0.095,0.12090909090909087,0.11939965266397157,0.85,0.85,,75.5,75.5,,35.3,35.3,,0.0,0.0,,31.7,27.890476190476186,16.68954477395668,0.225,0.41090909090909095,0.4100512057560511,0.14,0.1366666666666667,0.13035848009751164,15.0,14.671428571428573,4.998714120365642,573.5,830.6363636363636,603.9301083383538,82.8,82.34545454545456,6.296614908612351,7044.5,11484.318181818182,9779.359723838013,91.94999999999999,90.87272727272727,4.7591697773558135,86.0,84.87272727272726,8.048731448003338,10.0,17.136363636363637,17.313070907335423,39.5,56.95454545454545,52.282635989150606,9.0,17.863636363636363,17.81731489188845,1.5,3.0,3.625307868699863,55.5,75.18181818181819,60.81559665527254,24.0,38.81818181818182,33.092419450808144,2.245,2.458636363636364,1.4281332986156157,3.0,4.909090909090909,5.485123525188843,0.25,0.29636363636363644,0.3097394520214178,19.0,24.09090909090909,20.3280455831208,12.0,14.272727272727273,12.329530243172934,20.0,20.772727272727273,14.16545704028547,15.5,18.954545454545453,17.761588498048987,10.0,13.181818181818182,10.83924247764471,1.5,4.318181818181818,6.79205673062546,7.5,8.863636363636363,7.272226714375822,6.0,9.272727272727273,8.647497949072944,738.5,983.7727272727273,662.5281975539702,24.0,73.5909090909091,163.87238330071972,120.5,246.1818181818182,327.21445368641446,291.0,427.95454545454544,385.05231274436403,223.5,316.90909090909093,232.44843956515834,37.0,52.5,48.60114637095948,22.5,29.727272727272727,28.687448422083428,43.45,48.87727272727273,22.218287873220923,35.05,36.91818181818182,17.634156152293286,406.5,578.1818181818181,402.19003283376196,1282.5,1631.9545454545455,1113.2316097214975,23.0,34.31818181818182,31.38301992151073,19.0,21.363636363636363,17.956416692450095,4.5,11.772727272727273,14.582872596308766,15.0,19.318181818181817,15.28580531590809,13.5,15.681818181818182,13.357310691817757,528.5,693.6818181818181,483.47328545527495,51.0,74.18181818181819,75.04134502528233,14.0,16.636363636363637,11.0606357112809,17.0,16.318181818181817,11.712371821268896,1.5,3.409090909090909,3.724552909047524,11.0,31.818181818181817,42.05057766845876,48.0,58.04545454545455,40.02793937658958,10.5,19.5,19.81521781719437,51.15,48.0,19.478021802363127
